"Hotels in Adelphia, NJ"
"Hotels in Agoura Hills, CA"
"Hotels in Albertson, NY"
"Hotels in Alhambra, CA"
"Hotels in Allendale, NJ"
"Hotels in Allenhurst, NJ"
"Hotels in Allentown, NJ"
"Hotels in Allenwood, NJ"
"Hotels in Alpine, NJ"
"Hotels in Amagansett, NY"
"Hotels in Amawalk, NY"
"Hotels in Amityville, NY"
"Hotels in Anaheim, CA"
"Hotels in Andover, NJ"
"Hotels in Annandale, NJ"
"Hotels in Aquebogue, NY"
"Hotels in Arcadia, CA"
"Hotels in Ardsley, NY"
"Hotels in Armonk, NY"
"Hotels in Arverne, NY"
"Hotels in Asbury Park, NJ"
"Hotels in Asbury, NJ"
"Hotels in Astoria, NY"
"Hotels in Atlantic Beach, NY"
"Hotels in Atlantic Highlands, NJ"
"Hotels in Augusta, NJ"
"Hotels in Avenel, NJ"
"Hotels in Avon By The Sea, NJ"
"Hotels in Babylon, NY"
"Hotels in Baldwin Park, CA"
"Hotels in Baldwin Place, NY"
"Hotels in Baldwin, NY"
"Hotels in Barnegat Light, NJ"
"Hotels in Barnegat, NJ"
"Hotels in Basking Ridge, NJ"
"Hotels in Bay Shore, NY"
"Hotels in Bayonne, NJ"
"Hotels in Bayport, NY"
"Hotels in Bayside, NY"
"Hotels in Bayville, NJ"
"Hotels in Bayville, NY"
"Hotels in Beach Haven, NJ"
"Hotels in Beachwood, NJ"
"Hotels in Bear Mountain, NY"
"Hotels in Bedford Hills, NY"
"Hotels in Bedford, NY"
"Hotels in Bedminster, NJ"
"Hotels in Belford, NJ"
"Hotels in Belle Mead, NJ"
"Hotels in Bellerose, NY"
"Hotels in Belleville, NJ"
"Hotels in Bellflower, CA"
"Hotels in Bellmore, NY"
"Hotels in Bellport, NY"
"Hotels in Belmar, NJ"
"Hotels in Bergenfield, NJ"
"Hotels in Berkeley Heights, NJ"
"Hotels in Bernardsville, NJ"
"Hotels in Bethpage, NY"
"Hotels in Beverly Hills, CA"
"Hotels in Blauvelt, NY"
"Hotels in Bloomfield, NJ"
"Hotels in Bloomingdale, NJ"
"Hotels in Bloomsbury, NJ"
"Hotels in Blue Point, NY"
"Hotels in Bogota, NJ"
"Hotels in Bohemia, NY"
"Hotels in Boonton, NJ"
"Hotels in Bound Brook, NJ"
"Hotels in Bradley Beach, NJ"
"Hotels in Branchville, NJ"
"Hotels in Brea, CA"
"Hotels in Breezy Point, NY"
"Hotels in Brentwood, NY"
"Hotels in Brewster, NY"
"Hotels in Briarcliff Manor, NY"
"Hotels in Brick, NJ"
"Hotels in Bridgehampton, NY"
"Hotels in Bridgewater, NJ"
"Hotels in Brielle, NJ"
"Hotels in Brightwaters, NY"
"Hotels in Bronx, NY"
"Hotels in Bronxville, NY"
"Hotels in Brookhaven, NY"
"Hotels in Brooklyn, NY"
"Hotels in Brookside, NJ"
"Hotels in Buchanan, NY"
"Hotels in Budd Lake, NJ"
"Hotels in Buena Park, CA"
"Hotels in Burbank, CA"
"Hotels in Bushkill, PA"
"Hotels in Butler, NJ"
"Hotels in Calabasas, CA"
"Hotels in Caldwell, NJ"
"Hotels in Califon, NJ"
"Hotels in Calverton, NY"
"Hotels in Cambria Heights, NY"
"Hotels in Canoga Park, CA"
"Hotels in Carle Place, NY"
"Hotels in Carlstadt, NJ"
"Hotels in Carmel, NY"
"Hotels in Carson, CA"
"Hotels in Carteret, NJ"
"Hotels in Cedar Grove, NJ"
"Hotels in Cedar Knolls, NJ"
"Hotels in Cedarhurst, NY"
"Hotels in Center Moriches, NY"
"Hotels in Centereach, NY"
"Hotels in Centerport, NY"
"Hotels in Central Islip, NY"
"Hotels in Cerritos, CA"
"Hotels in Chappaqua, NY"
"Hotels in Chatham, NJ"
"Hotels in Chatsworth, CA"
"Hotels in Chester, NJ"
"Hotels in Clark, NJ"
"Hotels in Cliffside Park, NJ"
"Hotels in Cliffwood, NJ"
"Hotels in Clifton, NJ"
"Hotels in Clinton, NJ"
"Hotels in Closter, NJ"
"Hotels in Cold Spring Harbor, NY"
"Hotels in Cold Spring, NY"
"Hotels in College Point, NY"
"Hotels in Colonia, NJ"
"Hotels in Colts Neck, NJ"
"Hotels in Commack, NY"
"Hotels in Compton, CA"
"Hotels in Congers, NY"
"Hotels in Convent Station, NJ"
"Hotels in Copiague, NY"
"Hotels in Coram, NY"
"Hotels in Corona, NY"
"Hotels in Cortlandt Manor, NY"
"Hotels in Costa Mesa, CA"
"Hotels in Covina, CA"
"Hotels in Cranbury, NJ"
"Hotels in Cranford, NJ"
"Hotels in Cream Ridge, NJ"
"Hotels in Cresskill, NJ"
"Hotels in Crompond, NY"
"Hotels in Cross River, NY"
"Hotels in Croton Falls, NY"
"Hotels in Croton On Hudson, NY"
"Hotels in Culver City, CA"
"Hotels in Cutchogue, NY"
"Hotels in Dayton, NJ"
"Hotels in Deal, NJ"
"Hotels in Deer Park, NY"
"Hotels in Demarest, NJ"
"Hotels in Denville, NJ"
"Hotels in Dingmans Ferry, PA"
"Hotels in Dobbs Ferry, NY"
"Hotels in Dover, NJ"
"Hotels in Downey, CA"
"Hotels in Dumont, NJ"
"Hotels in Dunellen, NJ"
"Hotels in East Brunswick, NJ"
"Hotels in East Elmhurst, NY"
"Hotels in East Hampton, NY"
"Hotels in East Hanover, NJ"
"Hotels in East Islip, NY"
"Hotels in East Marion, NY"
"Hotels in East Meadow, NY"
"Hotels in East Moriches, NY"
"Hotels in East Northport, NY"
"Hotels in East Norwich, NY"
"Hotels in East Orange, NJ"
"Hotels in East Quogue, NY"
"Hotels in East Rockaway, NY"
"Hotels in East Rutherford, NJ"
"Hotels in East Setauket, NY"
"Hotels in Eastchester, NY"
"Hotels in Eastport, NY"
"Hotels in Eatontown, NJ"
"Hotels in Edgewater, NJ"
"Hotels in Edison, NJ"
"Hotels in El Monte, CA"
"Hotels in El Segundo, CA"
"Hotels in Elizabeth, NJ"
"Hotels in Elizabethport, NJ"
"Hotels in Elmhurst, NY"
"Hotels in Elmont, NY"
"Hotels in Elmsford, NY"
"Hotels in Elmwood Park, NJ"
"Hotels in Emerson, NJ"
"Hotels in Encino, CA"
"Hotels in Englewood Cliffs, NJ"
"Hotels in Englewood, NJ"
"Hotels in Englishtown, NJ"
"Hotels in Essex Fells, NJ"
"Hotels in Fair Haven, NJ"
"Hotels in Fair Lawn, NJ"
"Hotels in Fairfield, NJ"
"Hotels in Fairview, NJ"
"Hotels in Fanwood, NJ"
"Hotels in Far Hills, NJ"
"Hotels in Far Rockaway, NY"
"Hotels in Farmingdale, NJ"
"Hotels in Farmingdale, NY"
"Hotels in Farmingville, NY"
"Hotels in Fishers Island, NY"
"Hotels in Flagtown, NJ"
"Hotels in Flanders, NJ"
"Hotels in Flemington, NJ"
"Hotels in Floral Park, NY"
"Hotels in Florham Park, NJ"
"Hotels in Flushing, NY"
"Hotels in Fords, NJ"
"Hotels in Forest Hills, NY"
"Hotels in Forked River, NJ"
"Hotels in Fort Lee, NJ"
"Hotels in Fort Monmouth, NJ"
"Hotels in Fountain Valley, CA"
"Hotels in Franklin Lakes, NJ"
"Hotels in Franklin Park, NJ"
"Hotels in Franklin Square, NY"
"Hotels in Franklin, NJ"
"Hotels in Freehold, NJ"
"Hotels in Freeport, NY"
"Hotels in Frenchtown, NJ"
"Hotels in Fresh Meadows, NY"
"Hotels in Fullerton, CA"
"Hotels in Garden City, NY"
"Hotels in Garden Grove, CA"
"Hotels in Gardena, CA"
"Hotels in Garfield, NJ"
"Hotels in Garnerville, NY"
"Hotels in Garrison, NY"
"Hotels in Garwood, NJ"
"Hotels in Gillette, NJ"
"Hotels in Gladstone, NJ"
"Hotels in Glen Cove, NY"
"Hotels in Glen Gardner, NJ"
"Hotels in Glen Head, NY"
"Hotels in Glen Oaks, NY"
"Hotels in Glen Ridge, NJ"
"Hotels in Glen Rock, NJ"
"Hotels in Glendale, CA"
"Hotels in Glendora, CA"
"Hotels in Glenwood Landing, NY"
"Hotels in Glenwood, NJ"
"Hotels in Goldens Bridge, NY"
"Hotels in Granite Springs, NY"
"Hotels in Great Neck, NY"
"Hotels in Great River, NY"
"Hotels in Greeley, PA"
"Hotels in Green Village, NJ"
"Hotels in Greenlawn, NY"
"Hotels in Greenport, NY"
"Hotels in Greentown, PA"
"Hotels in Greenvale, NY"
"Hotels in Hackensack, NJ"
"Hotels in Haledon, NJ"
"Hotels in Hamburg, NJ"
"Hotels in Hampton Bays, NY"
"Hotels in Hampton, NJ"
"Hotels in Harrington Park, NJ"
"Hotels in Harrison, NJ"
"Hotels in Harrison, NY"
"Hotels in Hartsdale, NY"
"Hotels in Hasbrouck Heights, NJ"
"Hotels in Haskell, NJ"
"Hotels in Hastings On Hudson, NY"
"Hotels in Hauppauge, NY"
"Hotels in Haverstraw, NY"
"Hotels in Hawley, PA"
"Hotels in Haworth, NJ"
"Hotels in Hawthorne, CA"
"Hotels in Hawthorne, NJ"
"Hotels in Hawthorne, NY"
"Hotels in Hazlet, NJ"
"Hotels in Helmetta, NJ"
"Hotels in Hempstead, NY"
"Hotels in Hewitt, NJ"
"Hotels in Hewlett, NY"
"Hotels in Hibernia, NJ"
"Hotels in Hicksville, NY"
"Hotels in High Bridge, NJ"
"Hotels in Highland Lakes, NJ"
"Hotels in Highland Park, NJ"
"Hotels in Highlands, NJ"
"Hotels in Hillburn, NY"
"Hotels in Hillsborough, NJ"
"Hotels in Hillsdale, NJ"
"Hotels in Hillside, NJ"
"Hotels in Ho Ho Kus, NJ"
"Hotels in Hoboken, NJ"
"Hotels in Holbrook, NY"
"Hotels in Hollis, NY"
"Hotels in Holmdel, NJ"
"Hotels in Holtsville, NY"
"Hotels in Hopatcong, NJ"
"Hotels in Howard Beach, NY"
"Hotels in Howell, NJ"
"Hotels in Huntington Beach, CA"
"Hotels in Huntington Park, CA"
"Hotels in Huntington Station, NY"
"Hotels in Huntington, NY"
"Hotels in Inglewood, CA"
"Hotels in Inwood, NY"
"Hotels in Ironia, NJ"
"Hotels in Irvine, CA"
"Hotels in Irvington, NJ"
"Hotels in Irvington, NY"
"Hotels in Iselin, NJ"
"Hotels in Island Heights, NJ"
"Hotels in Island Park, NY"
"Hotels in Islandia, NY"
"Hotels in Islip Terrace, NY"
"Hotels in Islip, NY"
"Hotels in Jackson Heights, NY"
"Hotels in Jackson, NJ"
"Hotels in Jamaica, NY"
"Hotels in Jamesport, NY"
"Hotels in Jefferson Valley, NY"
"Hotels in Jericho, NY"
"Hotels in Jersey City, NJ"
"Hotels in Katonah, NY"
"Hotels in Keansburg, NJ"
"Hotels in Kearny, NJ"
"Hotels in Keasbey, NJ"
"Hotels in Kendall Park, NJ"
"Hotels in Kenilworth, NJ"
"Hotels in Kenvil, NJ"
"Hotels in Kew Gardens, NY"
"Hotels in Keyport, NJ"
"Hotels in Kings Park, NY"
"Hotels in Kingston, NJ"
"Hotels in La Habra, CA"
"Hotels in La Puente, CA"
"Hotels in Lackawaxen, PA"
"Hotels in Lafayette, NJ"
"Hotels in Laguna Beach, CA"
"Hotels in Laguna Hills, CA"
"Hotels in Laguna Niguel, CA"
"Hotels in Lake Forest, CA"
"Hotels in Lake Grove, NY"
"Hotels in Lake Hiawatha, NJ"
"Hotels in Lake Hopatcong, NJ"
"Hotels in Lake Peekskill, NY"
"Hotels in Lakehurst, NJ"
"Hotels in Lakewood, NJ"
"Hotels in Lambertville, NJ"
"Hotels in Lancaster, CA"
"Hotels in Landing, NJ"
"Hotels in Lanoka Harbor, NJ"
"Hotels in Larchmont, NY"
"Hotels in Laurel, NY"
"Hotels in Lavallette, NJ"
"Hotels in Lawrence, NY"
"Hotels in Layton, NJ"
"Hotels in Lebanon, NJ"
"Hotels in Ledgewood, NJ"
"Hotels in Leonardo, NJ"
"Hotels in Leonia, NJ"
"Hotels in Levittown, NY"
"Hotels in Liberty Corner, NJ"
"Hotels in Lincoln Park, NJ"
"Hotels in Lincolndale, NY"
"Hotels in Lincroft, NJ"
"Hotels in Linden, NJ"
"Hotels in Lindenhurst, NY"
"Hotels in Little Falls, NJ"
"Hotels in Little Ferry, NJ"
"Hotels in Little Neck, NY"
"Hotels in Little Silver, NJ"
"Hotels in Livingston, NJ"
"Hotels in Locust Valley, NY"
"Hotels in Lodi, NJ"
"Hotels in Long Beach, CA"
"Hotels in Long Beach, NY"
"Hotels in Long Branch, NJ"
"Hotels in Long Island City, NY"
"Hotels in Long Valley, NJ"
"Hotels in Los Angeles, CA"
"Hotels in Lynbrook, NY"
"Hotels in Lyndhurst, NJ"
"Hotels in Lyons, NJ"
"Hotels in Madison, NJ"
"Hotels in Mahopac, NY"
"Hotels in Mahwah, NJ"
"Hotels in Malverne, NY"
"Hotels in Mamaroneck, NY"
"Hotels in Manahawkin, NJ"
"Hotels in Manasquan, NJ"
"Hotels in Manchester Township, NJ"
"Hotels in Manhasset, NY"
"Hotels in Manhattan Beach, CA"
"Hotels in Manorville, NY"
"Hotels in Mantoloking, NJ"
"Hotels in Manville, NJ"
"Hotels in Maplewood, NJ"
"Hotels in Marlboro, NJ"
"Hotels in Martinsville, NJ"
"Hotels in Maspeth, NY"
"Hotels in Massapequa Park, NY"
"Hotels in Massapequa, NY"
"Hotels in Mastic Beach, NY"
"Hotels in Mastic, NY"
"Hotels in Matamoras, PA"
"Hotels in Matawan, NJ"
"Hotels in Mattituck, NY"
"Hotels in Maywood, NJ"
"Hotels in Mc Afee, NJ"
"Hotels in Medford, NY"
"Hotels in Melville, NY"
"Hotels in Mendham, NJ"
"Hotels in Merrick, NY"
"Hotels in Metuchen, NJ"
"Hotels in Middle Island, NY"
"Hotels in Middle Village, NY"
"Hotels in Middlesex, NJ"
"Hotels in Middletown, NJ"
"Hotels in Midland Park, NJ"
"Hotels in Milford, NJ"
"Hotels in Milford, PA"
"Hotels in Mill Neck, NY"
"Hotels in Millburn, NJ"
"Hotels in Miller Place, NY"
"Hotels in Millington, NJ"
"Hotels in Millstone Township, NJ"
"Hotels in Milltown, NJ"
"Hotels in Millwood, NY"
"Hotels in Mine Hill, NJ"
"Hotels in Mineola, NY"
"Hotels in Mission Viejo, CA"
"Hotels in Mohegan Lake, NY"
"Hotels in Monmouth Beach, NJ"
"Hotels in Monmouth Junction, NJ"
"Hotels in Monroe Township, NJ"
"Hotels in Monsey, NY"
"Hotels in Montague, NJ"
"Hotels in Montauk, NY"
"Hotels in Montclair, NJ"
"Hotels in Montebello, CA"
"Hotels in Monterey Park, CA"
"Hotels in Montrose, NY"
"Hotels in Montvale, NJ"
"Hotels in Montville, NJ"
"Hotels in Moonachie, NJ"
"Hotels in Morganville, NJ"
"Hotels in Moriches, NY"
"Hotels in Morris Plains, NJ"
"Hotels in Morristown, NJ"
"Hotels in Mount Arlington, NJ"
"Hotels in Mount Freedom, NJ"
"Hotels in Mount Kisco, NY"
"Hotels in Mount Sinai, NY"
"Hotels in Mount Tabor, NJ"
"Hotels in Mount Vernon, NY"
"Hotels in Mountain Lakes, NJ"
"Hotels in Mountainside, NJ"
"Hotels in Nanuet, NY"
"Hotels in Neptune, NJ"
"Hotels in Nesconset, NY"
"Hotels in Neshanic Station, NJ"
"Hotels in Netcong, NJ"
"Hotels in New Brunswick, NJ"
"Hotels in New City, NY"
"Hotels in New Egypt, NJ"
"Hotels in New Hyde Park, NY"
"Hotels in New Milford, NJ"
"Hotels in New Providence, NJ"
"Hotels in New Rochelle, NY"
"Hotels in New Suffolk, NY"
"Hotels in New Vernon, NJ"
"Hotels in New York, NY"
"Hotels in Newark, NJ"
"Hotels in Newfoundland, NJ"
"Hotels in Newport Beach, CA"
"Hotels in Newton, NJ"
"Hotels in Normandy Beach, NJ"
"Hotels in North Arlington, NJ"
"Hotels in North Babylon, NY"
"Hotels in North Bergen, NJ"
"Hotels in North Brunswick, NJ"
"Hotels in North Hollywood, CA"
"Hotels in North Salem, NY"
"Hotels in Northport, NY"
"Hotels in Northridge, CA"
"Hotels in Northvale, NJ"
"Hotels in Norwalk, CA"
"Hotels in Norwood, NJ"
"Hotels in Nutley, NJ"
"Hotels in Nyack, NY"
"Hotels in Oak Ridge, NJ"
"Hotels in Oakdale, NY"
"Hotels in Oakhurst, NJ"
"Hotels in Oakland Gardens, NY"
"Hotels in Oakland, NJ"
"Hotels in Ocean Beach, NY"
"Hotels in Ocean Gate, NJ"
"Hotels in Ocean Grove, NJ"
"Hotels in Oceanport, NJ"
"Hotels in Oceanside, NY"
"Hotels in Ogdensburg, NJ"
"Hotels in Old Bethpage, NY"
"Hotels in Old Bridge, NJ"
"Hotels in Old Westbury, NY"
"Hotels in Oldwick, NJ"
"Hotels in Oradell, NJ"
"Hotels in Orange, CA"
"Hotels in Orange, NJ"
"Hotels in Orangeburg, NY"
"Hotels in Orient, NY"
"Hotels in Ossining, NY"
"Hotels in Oyster Bay, NY"
"Hotels in Ozone Park, NY"
"Hotels in Palisades Park, NJ"
"Hotels in Palisades, NY"
"Hotels in Palmdale, CA"
"Hotels in Paramus, NJ"
"Hotels in Park Ridge, NJ"
"Hotels in Parlin, NJ"
"Hotels in Parsippany, NJ"
"Hotels in Pasadena, CA"
"Hotels in Passaic, NJ"
"Hotels in Patchogue, NY"
"Hotels in Paterson, NJ"
"Hotels in Patterson, NY"
"Hotels in Paupack, PA"
"Hotels in Peapack, NJ"
"Hotels in Pearl River, NY"
"Hotels in Peconic, NY"
"Hotels in Peekskill, NY"
"Hotels in Pelham, NY"
"Hotels in Pequannock, NJ"
"Hotels in Perth Amboy, NJ"
"Hotels in Picatinny Arsenal, NJ"
"Hotels in Piermont, NY"
"Hotels in Pine Beach, NJ"
"Hotels in Pine Brook, NJ"
"Hotels in Piscataway, NJ"
"Hotels in Pittstown, NJ"
"Hotels in Plainfield, NJ"
"Hotels in Plainsboro, NJ"
"Hotels in Plainview, NY"
"Hotels in Pleasantville, NY"
"Hotels in Pluckemin, NJ"
"Hotels in Point Lookout, NY"
"Hotels in Point Pleasant Beach, NJ"
"Hotels in Pomona, CA"
"Hotels in Pomona, NY"
"Hotels in Pompton Lakes, NJ"
"Hotels in Pompton Plains, NJ"
"Hotels in Port Chester, NY"
"Hotels in Port Jefferson Station, NY"
"Hotels in Port Jefferson, NY"
"Hotels in Port Monmouth, NJ"
"Hotels in Port Reading, NJ"
"Hotels in Port Washington, NY"
"Hotels in Pottersville, NJ"
"Hotels in Pound Ridge, NY"
"Hotels in Purchase, NY"
"Hotels in Purdys, NY"
"Hotels in Putnam Valley, NY"
"Hotels in Queens Village, NY"
"Hotels in Quogue, NY"
"Hotels in Rahway, NJ"
"Hotels in Ramsey, NJ"
"Hotels in Randolph, NJ"
"Hotels in Raritan, NJ"
"Hotels in Red Bank, NJ"
"Hotels in Redondo Beach, CA"
"Hotels in Rego Park, NY"
"Hotels in Remsenburg, NY"
"Hotels in Reseda, CA"
"Hotels in Richmond Hill, NY"
"Hotels in Ridge, NY"
"Hotels in Ridgefield Park, NJ"
"Hotels in Ridgefield, NJ"
"Hotels in Ridgewood, NJ"
"Hotels in Ridgewood, NY"
"Hotels in Ringoes, NJ"
"Hotels in Ringwood, NJ"
"Hotels in River Edge, NJ"
"Hotels in Riverdale, NJ"
"Hotels in Riverhead, NY"
"Hotels in Rochelle Park, NJ"
"Hotels in Rockaway Park, NY"
"Hotels in Rockaway, NJ"
"Hotels in Rockville Centre, NY"
"Hotels in Rocky Hill, NJ"
"Hotels in Rocky Point, NY"
"Hotels in Ronkonkoma, NY"
"Hotels in Roosevelt, NJ"
"Hotels in Roosevelt, NY"
"Hotels in Rosedale, NY"
"Hotels in Roseland, NJ"
"Hotels in Roselle Park, NJ"
"Hotels in Roselle, NJ"
"Hotels in Rosemont, NJ"
"Hotels in Roslyn Heights, NY"
"Hotels in Roslyn, NY"
"Hotels in Rowland Heights, CA"
"Hotels in Rowland, PA"
"Hotels in Rumson, NJ"
"Hotels in Rutherford, NJ"
"Hotels in Rye, NY"
"Hotels in Saddle Brook, NJ"
"Hotels in Saddle River, NJ"
"Hotels in Sag Harbor, NY"
"Hotels in Sagaponack, NY"
"Hotels in Saint Albans, NY"
"Hotels in Saint James, NY"
"Hotels in San Clemente, CA"
"Hotels in San Gabriel, CA"
"Hotels in San Pedro, CA"
"Hotels in Santa Ana, CA"
"Hotels in Santa Fe Springs, CA"
"Hotels in Santa Monica, CA"
"Hotels in Sayreville, NJ"
"Hotels in Sayville, NY"
"Hotels in Scarsdale, NY"
"Hotels in Schooleys Mountain, NJ"
"Hotels in Scotch Plains, NJ"
"Hotels in Sea Cliff, NY"
"Hotels in Sea Girt, NJ"
"Hotels in Seaford, NY"
"Hotels in Seaside Heights, NJ"
"Hotels in Seaside Park, NJ"
"Hotels in Secaucus, NJ"
"Hotels in Selden, NY"
"Hotels in Sergeantsville, NJ"
"Hotels in Sewaren, NJ"
"Hotels in Shelter Island Heights, NY"
"Hotels in Shelter Island, NY"
"Hotels in Shenorock, NY"
"Hotels in Sherman Oaks, CA"
"Hotels in Shirley, NY"
"Hotels in Shohola, PA"
"Hotels in Shoreham, NY"
"Hotels in Short Hills, NJ"
"Hotels in Shrewsbury, NJ"
"Hotels in Shrub Oak, NY"
"Hotels in Skillman, NJ"
"Hotels in Sloatsburg, NY"
"Hotels in Smithtown, NY"
"Hotels in Somers, NY"
"Hotels in Somerset, NJ"
"Hotels in Somerville, NJ"
"Hotels in Sound Beach, NY"
"Hotels in South Amboy, NJ"
"Hotels in South Bound Brook, NJ"
"Hotels in South El Monte, CA"
"Hotels in South Hackensack, NJ"
"Hotels in South Jamesport, NY"
"Hotels in South Orange, NJ"
"Hotels in South Ozone Park, NY"
"Hotels in South Plainfield, NJ"
"Hotels in South Richmond Hill, NY"
"Hotels in South River, NJ"
"Hotels in South Salem, NY"
"Hotels in Southampton, NY"
"Hotels in Southold, NY"
"Hotels in Sparkill, NY"
"Hotels in Sparta, NJ"
"Hotels in Speonk, NY"
"Hotels in Spotswood, NJ"
"Hotels in Spring Lake, NJ"
"Hotels in Spring Valley, NY"
"Hotels in Springfield Gardens, NY"
"Hotels in Springfield, NJ"
"Hotels in Stanhope, NJ"
"Hotels in Staten Island, NY"
"Hotels in Stillwater, NJ"
"Hotels in Stirling, NJ"
"Hotels in Stockholm, NJ"
"Hotels in Stockton, NJ"
"Hotels in Stony Brook, NY"
"Hotels in Stony Point, NY"
"Hotels in Studio City, CA"
"Hotels in Succasunna, NJ"
"Hotels in Suffern, NY"
"Hotels in Summit, NJ"
"Hotels in Sun Valley, CA"
"Hotels in Sunnyside, NY"
"Hotels in Sussex, NJ"
"Hotels in Syosset, NY"
"Hotels in Tafton, PA"
"Hotels in Tallman, NY"
"Hotels in Tamiment, PA"
"Hotels in Tappan, NY"
"Hotels in Tarrytown, NY"
"Hotels in Tarzana, CA"
"Hotels in Teaneck, NJ"
"Hotels in Tenafly, NJ"
"Hotels in Teterboro, NJ"
"Hotels in Thiells, NY"
"Hotels in Thornwood, NY"
"Hotels in Three Bridges, NJ"
"Hotels in Tomkins Cove, NY"
"Hotels in Toms River, NJ"
"Hotels in Torrance, CA"
"Hotels in Totowa, NJ"
"Hotels in Towaco, NJ"
"Hotels in Township Of Washington, NJ"
"Hotels in Tranquility, NJ"
"Hotels in Tuckahoe, NY"
"Hotels in Tuckerton, NJ"
"Hotels in Tustin, CA"
"Hotels in Union City, NJ"
"Hotels in Union, NJ"
"Hotels in Uniondale, NY"
"Hotels in Upton, NY"
"Hotels in Valencia, CA"
"Hotels in Valhalla, NY"
"Hotels in Valley Cottage, NY"
"Hotels in Valley Stream, NY"
"Hotels in Van Nuys, CA"
"Hotels in Vauxhall, NJ"
"Hotels in Vernon, NJ"
"Hotels in Verona, NJ"
"Hotels in Verplanck, NY"
"Hotels in Waccabuc, NY"
"Hotels in Wading River, NY"
"Hotels in Wainscott, NY"
"Hotels in Waldwick, NJ"
"Hotels in Wallington, NJ"
"Hotels in Walnut, CA"
"Hotels in Wanaque, NJ"
"Hotels in Wantagh, NY"
"Hotels in Waretown, NJ"
"Hotels in Warren, NJ"
"Hotels in Watchung, NJ"
"Hotels in Water Mill, NY"
"Hotels in Wayne, NJ"
"Hotels in Weehawken, NJ"
"Hotels in West Babylon, NY"
"Hotels in West Covina, CA"
"Hotels in West Creek, NJ"
"Hotels in West Harrison, NY"
"Hotels in West Haverstraw, NY"
"Hotels in West Hempstead, NY"
"Hotels in West Hollywood, CA"
"Hotels in West Islip, NY"
"Hotels in West Long Branch, NJ"
"Hotels in West Milford, NJ"
"Hotels in West New York, NJ"
"Hotels in West Nyack, NY"
"Hotels in West Orange, NJ"
"Hotels in West Sayville, NY"
"Hotels in Westbury, NY"
"Hotels in Westfield, NJ"
"Hotels in Westhampton Beach, NY"
"Hotels in Westhampton, NY"
"Hotels in Westminster, CA"
"Hotels in Westwood, NJ"
"Hotels in Wharton, NJ"
"Hotels in Whippany, NJ"
"Hotels in White Plains, NY"
"Hotels in Whitehouse Station, NJ"
"Hotels in Whitehouse, NJ"
"Hotels in Whitestone, NY"
"Hotels in Whittier, CA"
"Hotels in Williston Park, NY"
"Hotels in Wood Ridge, NJ"
"Hotels in Woodbridge, NJ"
"Hotels in Woodbury, NY"
"Hotels in Woodcliff Lake, NJ"
"Hotels in Woodhaven, NY"
"Hotels in Woodland Hills, CA"
"Hotels in Woodmere, NY"
"Hotels in Woodside, NY"
"Hotels in Wyandanch, NY"
"Hotels in Wyckoff, NJ"
"Hotels in Yaphank, NY"
"Hotels in Yonkers, NY"
"Hotels in Yorba Linda, CA"
"Hotels in Yorktown Heights, NY"
